packet_index,byte_offset,packet_id,packet_type,frame_length,time_seconds,status,uptime,filtered_accel_x,filtered_accel_y,filtered_accel_z,gyro_x,gyro_y,gyro_z,fc_status,fc_uptime,current_sense_ch1,current_sense_ch2,current_sense_ch3,iris_battery_voltage,command_value,mcu_temperature,orientation_x,orientation_y,orientation_z,orientation_w,position_x,position_y,position_z,velocity_x,velocity_y,velocity_z,latitude,longitude,gps_altitude,barometric_altitude,witness_battery_voltage,raw_packet_hex
0,3046,0xFF,heartbeat,8,4211078.912,30719,4211078912,,,,,,,,,,,,,,,,,,,,,,,,,,,,,,ff 77 ff fa ff f7 00 0a
1,8796,0xFF,heartbeat,8,2163726.848,63232,2163726848,,,,,,,,,,,,,,,,,,,,,,,,,,,,,,ff f7 00 80 f7 da 00 0a
2,12753,0x01,sensors,23,3.366,32933,3366,176.7888,-178.25792,52.26844,1361.99,1845.76,0.07,,,,,,,,,,,,,,,,,,,,,,,,01 80 a5 00 00 0d 26 43 70 88 bc 00 00 13 f0 57 4c 01 67 00 00 01 0a
3,25041,0x01,sensors,23,3.422,32931,3422,176.79056,-199.22944,52.26844,1361.99,1827.84,0.14,,,,,,,,,,,,,,,,,,,,,,,,01 80 a3 00 00 0d 5e 43 70 b4 b4 00 00 13 f0 57 4c 01 66 00 00 02 0a
4,33612,0xFF,heartbeat,8,2163726.336,62976,2163726336,,,,,,,,,,,,,,,,,,,,,,,,,,,,,,ff f6 00 80 f7 d8 00 0a
5,37329,0x01,sensors,23,3.493,32935,3493,176.78708,298.84416,52.26844,1361.99,1845.76,0.21,,,,,,,,,,,,,,,,,,,,,,,,01 80 a7 00 00 0d a5 43 70 5d 72 00 00 13 f0 57 4c 01 67 00 00 03 0a
6,49617,0x01,sensors,23,3.561,32938,3561,176.78444,-112.72192,52.35036,1361.99,1971.2,0.28,,,,,,,,,,,,,,,,,,,,,,,,01 80 aa 00 00 0d e9 43 70 1b d5 00 00 13 f8 57 4c 01 6e 00 00 04 0a
7,55077,0x03,camera,19,4292411.411,37,165085185,,,,,,,65400,4292411411,12.8,17.2,0.0,0.014,,,,,,,,,,,,,,,,,,03 ff 78 ff d9 00 13 00 25 09 d7 00 01 80 ac 00 00 0e 0a
8,59349,0x05,command,10,4292280.339,65400,4292280339,,,,,,,,,,,,,36,,,,,,,,,,,,,,,,,05 ff 78 ff d7 00 13 00 24 0a
9,60021,0x05,command,10,4292345.876,65401,4292345876,,,,,,,,,,,,,37,,,,,,,,,,,,,,,,,05 ff 79 ff d8 00 14 00 25 0a
10,60060,0xFF,heartbeat,8,2113394.688,62976,2113394688,,,,,,,,,,,,,,,,,,,,,,,,,,,,,,ff f6 00 7d f7 d8 00 0a
11,60309,0x05,command,10,4292411.411,65401,4292411411,,,,,,,,,,,,,38,,,,,,,,,,,,,,,,,05 ff 79 ff d9 00 13 00 26 0a
12,60357,0x05,command,10,4292411.411,65401,4292411411,,,,,,,,,,,,,38,,,,,,,,,,,,,,,,,05 ff 79 ff d9 00 13 00 26 0a
13,60405,0x05,command,10,4292411.411,65401,4292411411,,,,,,,,,,,,,38,,,,,,,,,,,,,,,,,05 ff 79 ff d9 00 13 00 26 0a
14,60453,0x05,command,10,4292411.411,65401,4292411411,,,,,,,,,,,,,38,,,,,,,,,,,,,,,,,05 ff 79 ff d9 00 13 00 26 0a
15,60501,0x05,command,10,4292411.411,65401,4292411411,,,,,,,,,,,,,38,,,,,,,,,,,,,,,,,05 ff 79 ff d9 00 13 00 26 0a
16,60549,0x05,command,10,4292411.411,65401,4292411411,,,,,,,,,,,,,38,,,,,,,,,,,,,,,,,05 ff 79 ff d9 00 13 00 26 0a
17,60645,0x05,command,10,4294115.319,65401,4294115319,,,,,,,,,,,,,26,,,,,,,,,,,,,,,,,05 ff 79 ff f2 ff f7 00 1a 0a
18,60981,0x05,command,10,4292345.875,65401,4292345875,,,,,,,,,,,,,37,,,,,,,,,,,,,,,,,05 ff 79 ff d8 00 13 00 25 0a
19,61212,0xFF,heartbeat,8,2113394.432,62976,2113394432,,,,,,,,,,,,,,,,,,,,,,,,,,,,,,ff f6 00 7d f7 d7 00 0a
20,61365,0x05,command,10,4292345.875,65401,4292345875,,,,,,,,,,,,,36,,,,,,,,,,,,,,,,,05 ff 79 ff d8 00 13 00 24 0a
21,61413,0x05,command,10,4292411.412,65404,4292411412,,,,,,,,,,,,,37,,,,,,,,,,,,,,,,,05 ff 7c ff d9 00 14 00 25 0a
22,61749,0x05,command,10,4292345.875,65402,4292345875,,,,,,,,,,,,,36,,,,,,,,,,,,,,,,,05 ff 7a ff d8 00 13 00 24 0a
23,61905,0x01,sensors,23,3.622,32943,3622,176.78008,-49.80736,52.35036,1361.99,1989.12,0.35,,,,,,,,,,,,,,,,,,,,,,,,01 80 af 00 00 0e 26 43 6f ae ed 00 00 13 f8 57 4c 01 6f 00 00 05 0a
24,62469,0x05,command,10,4291887.128,65401,4291887128,,,,,,,,,,,,,32,,,,,,,,,,,,,,,,,05 ff 79 ff d1 00 18 00 20 0a
25,62565,0x05,command,10,4292083.731,65401,4292083731,,,,,,,,,,,,,37,,,,,,,,,,,,,,,,,05 ff 79 ff d4 00 13 00 25 0a
26,62997,0x05,command,10,4294836.225,65401,4294836225,,,,,,,,,,,,,65534,,,,,,,,,,,,,,,,,05 ff 79 ff fe 00 01 ff fe 0a
27,63381,0x05,command,10,4292280.337,65401,4292280337,,,,,,,,,,,,,36,,,,,,,,,,,,,,,,,05 ff 79 ff d7 00 11 00 24 0a
28,63477,0x05,command,10,4292280.338,65402,4292280338,,,,,,,,,,,,,36,,,,,,,,,,,,,,,,,05 ff 7a ff d7 00 12 00 24 0a
29,63573,0x05,command,10,4292411.412,65401,4292411412,,,,,,,,,,,,,37,,,,,,,,,,,,,,,,,05 ff 79 ff d9 00 14 00 25 0a
30,63621,0x05,command,10,4292411.412,65402,4292411412,,,,,,,,,,,,,36,,,,,,,,,,,,,,,,,05 ff 7a ff d9 00 14 00 24 0a
31,64197,0x05,command,10,4292411.412,65403,4292411412,,,,,,,,,,,,,36,,,,,,,,,,,,,,,,,05 ff 7b ff d9 00 14 00 24 0a
32,64437,0x05,command,10,4291756.049,65401,4291756049,,,,,,,,,,,,,38,,,,,,,,,,,,,,,,,05 ff 79 ff cf 00 11 00 26 0a
33,64481,0xE1,iris_debug,14,130.937,1,130937,,,,,,,,,1.4,0.0,3.6,54.272,,-1,,,,,,,,,,,,,,,,e1 00 01 00 01 ff 79 ff d4 00 0e 00 24 0a
34,64917,0x05,command,10,4292280.34,65401,4292280340,,,,,,,,,,,,,36,,,,,,,,,,,,,,,,,05 ff 79 ff d7 00 14 00 24 0a
35,64965,0x05,command,10,4292345.875,65401,4292345875,,,,,,,,,,,,,36,,,,,,,,,,,,,,,,,05 ff 79 ff d8 00 13 00 24 0a
36,65493,0x05,command,10,4293263.36,65402,4293263360,,,,,,,,,,,,,39,,,,,,,,,,,,,,,,,05 ff 7a ff e6 00 00 00 27 0a
37,65973,0x05,command,10,4292411.412,65398,4292411412,,,,,,,,,,,,,36,,,,,,,,,,,,,,,,,05 ff 76 ff d9 00 14 00 24 0a
38,66357,0x05,command,10,4292411.412,65401,4292411412,,,,,,,,,,,,,36,,,,,,,,,,,,,,,,,05 ff 79 ff d9 00 14 00 24 0a
39,66597,0x05,command,10,4292345.876,65398,4292345876,,,,,,,,,,,,,36,,,,,,,,,,,,,,,,,05 ff 76 ff d8 00 14 00 24 0a
40,67317,0x05,command,10,4292280.339,65400,4292280339,,,,,,,,,,,,,37,,,,,,,,,,,,,,,,,05 ff 78 ff d7 00 13 00 25 0a
41,67893,0x05,command,10,4292870.149,65403,4292870149,,,,,,,,,,,,,44,,,,,,,,,,,,,,,,,05 ff 7b ff e0 00 05 00 2c 0a
42,67989,0x05,command,10,4292411.412,65399,4292411412,,,,,,,,,,,,,35,,,,,,,,,,,,,,,,,05 ff 77 ff d9 00 14 00 23 0a
43,68229,0x05,command,10,4292345.875,65399,4292345875,,,,,,,,,,,,,36,,,,,,,,,,,,,,,,,05 ff 77 ff d8 00 13 00 24 0a
44,68373,0x05,command,10,4292345.876,65401,4292345876,,,,,,,,,,,,,37,,,,,,,,,,,,,,,,,05 ff 79 ff d8 00 14 00 25 0a
45,68757,0x05,command,10,4292345.875,65402,4292345875,,,,,,,,,,,,,36,,,,,,,,,,,,,,,,,05 ff 7a ff d8 00 13 00 24 0a
46,69141,0x05,command,10,4292345.876,65400,4292345876,,,,,,,,,,,,,37,,,,,,,,,,,,,,,,,05 ff 78 ff d8 00 14 00 25 0a
47,69285,0x05,command,10,4292280.341,65403,4292280341,,,,,,,,,,,,,38,,,,,,,,,,,,,,,,,05 ff 7b ff d7 00 15 00 26 0a
48,69333,0x05,command,10,4292280.339,65399,4292280339,,,,,,,,,,,,,37,,,,,,,,,,,,,,,,,05 ff 77 ff d7 00 13 00 25 0a
49,69573,0x05,command,10,4292280.34,65402,4292280340,,,,,,,,,,,,,36,,,,,,,,,,,,,,,,,05 ff 7a ff d7 00 14 00 24 0a
50,70197,0x05,command,10,4294377.53,65399,4294377530,,,,,,,,,,,,,1,,,,,,,,,,,,,,,,,05 ff 77 ff f7 00 3a 00 01 0a
51,70293,0x05,command,10,4293722.217,65396,4293722217,,,,,,,,,,,,,65173,,,,,,,,,,,,,,,,,05 ff 74 ff ed 00 69 fe 95 0a
52,71388,0x03,camera,19,284693.76,13567,3690953985,,,,,,,46077,284693760,2.2,0.0,22.1,0.237,,,,,,,,,,,,,,,,,,03 b3 fd 10 f8 15 00 34 ff db ff 7d 01 16 00 dd 00 ed 0a
53,71436,0x03,camera,19,2616801.28,11775,3724510720,,,,,,,46077,2616801280,16.0,0.1,4.5,0.272,,,,,,,,,,,,,,,,,,03 b3 fd 9b f9 38 00 2d ff dd ff 86 00 a0 01 2d 01 10 0a
54,71484,0x03,camera,19,2348355.584,9215,3791618048,,,,,,,23805,2348355584,14.0,0.1,0.2,0.276,,,,,,,,,,,,,,,,,,03 5c fd 8b f9 10 00 23 ff e1 ff 80 00 8c 01 02 01 14 0a
55,71676,0x03,camera,19,1291377.152,10495,3640624641,,,,,,,4861,1291377152,0.4,25.5,19.6,0.313,,,,,,,,,,,,,,,,,,03 12 fd 4c f8 da 00 28 ff d8 ff 86 01 04 ff c4 01 39 0a
56,71724,0x03,camera,19,4177070.336,9471,3573516033,,,,,,,10748,4177070336,1.3,0.0,9.0,0.284,,,,,,,,,,,,,,,,,,03 29 fc f8 f9 09 00 24 ff d4 ff 87 01 0d 00 5a 01 1c 0a
57,71964,0x03,camera,19,2499388.928,11519,3523186944,,,,,,,6652,2499388928,13.7,0.0,5.7,0.267,,,,,,,,,,,,,,,,,,03 19 fc 94 f9 a6 00 2c ff d1 ff 91 00 89 00 39 01 0b 0a
58,72012,0x03,camera,19,2381954.304,10751,3573518080,,,,,,,12796,2381954304,7.7,0.0,14.0,0.28,,,,,,,,,,,,,,,,,,03 31 fc 8d f9 bd 00 29 ff d4 ff 8f 00 4d 00 8c 01 18 0a
59,72252,0x03,camera,19,1626947.072,11263,3506408191,,,,,,,9468,1626947072,21.0,0.0,8.4,0.256,,,,,,,,,,,,,,,,,,03 24 fc 60 f9 3e 00 2b ff d0 ff 8a ff d2 00 54 01 00 0a
60,72300,0x03,camera,19,1392061.696,9727,3523184639,,,,,,,5628,1392061696,19.7,0.0,12.3,0.24,,,,,,,,,,,,,,,,,,03 15 fc 52 f9 2d 00 25 ff d1 ff 87 ff c5 00 7b 00 f0 0a
61,72348,0x03,camera,19,1392061.696,9727,3523184639,,,,,,,5628,1392061696,19.7,0.0,12.3,0.24,,,,,,,,,,,,,,,,,,03 15 fc 52 f9 2d 00 25 ff d1 ff 87 ff c5 00 7b 00 f0 0a
62,72396,0x03,camera,19,1392061.696,9727,3523184639,,,,,,,5628,1392061696,19.7,0.0,12.3,0.24,,,,,,,,,,,,,,,,,,03 15 fc 52 f9 2d 00 25 ff d1 ff 87 ff c5 00 7b 00 f0 0a
63,72444,0x03,camera,19,1392061.696,9727,3523184639,,,,,,,5628,1392061696,19.7,0.0,12.3,0.24,,,,,,,,,,,,,,,,,,03 15 fc 52 f9 2d 00 25 ff d1 ff 87 ff c5 00 7b 00 f0 0a
64,72492,0x03,camera,19,1392061.696,9727,3523184639,,,,,,,5628,1392061696,19.7,0.0,12.3,0.24,,,,,,,,,,,,,,,,,,03 15 fc 52 f9 2d 00 25 ff d1 ff 87 ff c5 00 7b 00 f0 0a
65,72540,0x03,camera,19,1392061.696,9727,3523184639,,,,,,,5628,1392061696,19.7,0.0,12.3,0.24,,,,,,,,,,,,,,,,,,03 15 fc 52 f9 2d 00 25 ff d1 ff 87 ff c5 00 7b 00 f0 0a
66,72588,0x03,camera,19,603523.584,10751,3439296512,,,,,,,22268,603523584,0.1,0.1,9.2,0.378,,,,,,,,,,,,,,,,,,03 56 fc 23 f9 0a 00 29 ff cc ff 80 00 01 01 5c 01 7a 0a
67,72780,0x03,camera,19,1006177.792,9983,3472852992,,,,,,,15356,1006177792,8.1,0.0,4.5,0.291,,,,,,,,,,,,,,,,,,03 3b fc 3b f9 0e 00 26 ff ce ff 88 00 51 00 2d 01 23 0a
68,73404,0x02,state,64,1928956.672,14075,1928956672,,,,,,,,,,,,,,,0.0,-0.0,-2.3236487753918054e+18,-9.223794249319842e+18,-0.0,4.6597e-05,-9.903542745523836e+27,-1.7466958858484812e+34,9.903526217241146e+27,-1.661558565109493e+35,-530.7817,-30.4903,-0.0,-8178.0,13.824,02 36 fb 72 f9 8b 00 21 ff c5 ff 8a 00 5d ff de 00 fd 09 df 00 01 80 9d 00 00 0e 38 43 71 37 ee 00 00 13 f8 57 4c 01 6e 00 00 05 fa 00 00 77 af 02 57 fb 58 f9 92 00 1e ff c5 ff 90 00 36 00 0a
69,73604,0xFF,heartbeat,8,2332027.904,51711,2332027904,,,,,,,,,,,,,,,,,,,,,,,,,,,,,,ff c9 ff 8a ff ec 00 0a
70,74193,0x01,sensors,23,3.608,32874,3608,176.84032,-241.17248,52.14556,1361.99,1971.2,0.42,,,,,,,,,,,,,,,,,,,,,,,,01 80 6a 00 00 0e 18 43 75 90 a4 00 00 13 e4 57 4c 01 6e 00 00 06 0a
71,76436,0xFF,heartbeat,8,2516576.0,48127,2516576000,,,,,,,,,,,,,,,,,,,,,,,,,,,,,,ff bb ff 95 ff e7 00 0a
72,79078,0xFF,heartbeat,8,3724529.408,37631,3724529408,,,,,,,,,,,,,,,,,,,,,,,,,,,,,,ff 92 ff dd ff cf 00 0a
73,80084,0xFF,heartbeat,8,2248128.512,50175,2248128512,,,,,,,,,,,,,,,,,,,,,,,,,,,,,,ff c3 ff 85 ff b8 00 0a
74,85412,0xFF,heartbeat,8,2600462.848,44543,2600462848,,,,,,,,,,,,,,,,,,,,,,,,,,,,,,ff ad ff 9a ff ea 00 0a
75,85464,0xFF,heartbeat,8,4244648.968,59647,4244648968,,,,,,,,,,,,,,,,,,,,,,,,,,,,,,ff e8 ff fd 00 34 08 0a
76,86481,0x01,sensors,23,3.453,32868,3453,176.84556,128.45056,52.06364,1361.99,1845.76,0.49,,,,,,,,,,,,,,,,,,,,,,,,01 80 64 00 00 0d 7d 43 76 13 31 00 00 13 dc 57 4c 01 67 00 00 07 0a
77,88820,0xFF,heartbeat,8,2717902.848,45311,2717902848,,,,,,,,,,,,,,,,,,,,,,,,,,,,,,ff b0 ff a1 ff e8 00 0a
78,93142,0xFF,heartbeat,8,3758115.84,45823,3758115840,,,,,,,,,,,,,,,,,,,,,,,,,,,,,,ff b2 ff e0 00 4c 00 0a
79,95542,0xFF,heartbeat,8,3372217.856,44543,3372217856,,,,,,,,,,,,,,,,,,,,,,,,,,,,,,ff ad ff c8 ff f6 00 0a
80,95924,0xFF,heartbeat,8,2617104.127,46591,2617104127,,,,,,,,,,,,,,,,,,,,,,,,,,,,,,ff b5 ff 9b fd d6 ff 0a
81,98769,0x01,sensors,23,3.505,32931,3505,176.79056,-199.22944,52.14556,1361.99,1845.76,0.56,,,,,,,,,,,,,,,,,,,,,,,,01 80 a3 00 00 0d b1 43 70 b4 b4 00 00 13 e4 57 4c 01 67 00 00 08 0a
82,104748,0xFF,heartbeat,8,2163725.056,61184,2163725056,,,,,,,,,,,,,,,,,,,,,,,,,,,,,,ff ef 00 80 f7 d3 00 0a
83,110325,0x03,camera,19,4292280.34,37,157548545,,,,,,,65399,4292280340,12.8,16.8,0.0,0.014,,,,,,,,,,,,,,,,,,03 ff 77 ff d7 00 14 00 25 09 64 00 01 80 a8 00 00 0e 0a
84,111057,0x01,sensors,23,3.598,33039,3598,176.6964,52.4288,52.22748,1361.99,1827.84,0.63,,,,,,,,,,,,,,,,,,,,,,,,01 81 0f 00 00 0e 0e 43 67 82 14 00 00 13 ec 57 4c 01 66 00 00 09 0a
85,118533,0x03,camera,19,4292345.875,36,163315713,,,,,,,65400,4292345875,12.8,15.8,0.0,0.014,,,,,,,,,,,,,,,,,,03 ff 78 ff d8 00 13 00 24 09 bc 00 01 80 9e 00 00 0e 0a
86,123345,0x01,sensors,23,3.61,32926,3610,176.79492,-264.76544,52.14556,1361.99,1989.12,0.7,,,,,,,,,,,,,,,,,,,,,,,,01 80 9e 00 00 0e 1a 43 71 21 9b 00 00 13 e4 57 4c 01 6f 00 00 0a 0a
87,124524,0xFF,heartbeat,8,2113394.176,61440,2113394176,,,,,,,,,,,,,,,,,,,,,,,,,,,,,,ff f0 00 7d f7 d6 00 0a
88,126309,0x05,command,10,4292280.34,65400,4292280340,,,,,,,,,,,,,37,,,,,,,,,,,,,,,,,05 ff 78 ff d7 00 14 00 25 0a
89,126552,0xFF,heartbeat,8,335553.802,55296,335553802,,,,,,,,,,,,,,,,,,,,,,,,,,,,,,ff d8 00 14 00 25 0a 0a
90,126600,0xFF,heartbeat,8,335554.058,55296,335554058,,,,,,,,,,,,,,,,,,,,,,,,,,,,,,ff d8 00 14 00 26 0a 0a
91,126741,0x05,command,10,4292280.34,65398,4292280340,,,,,,,,,,,,,37,,,,,,,,,,,,,,,,,05 ff 76 ff d7 00 14 00 25 0a
92,127125,0x05,command,10,4292280.339,65405,4292280339,,,,,,,,,,,,,37,,,,,,,,,,,,,,,,,05 ff 7d ff d7 00 13 00 25 0a
93,128229,0x05,command,10,4292345.875,65401,4292345875,,,,,,,,,,,,,37,,,,,,,,,,,,,,,,,05 ff 79 ff d8 00 13 00 25 0a
94,128277,0x05,command,10,4292345.874,65402,4292345874,,,,,,,,,,,,,40,,,,,,,,,,,,,,,,,05 ff 7a ff d8 00 12 00 28 0a
95,128709,0x05,command,10,4292280.34,65400,4292280340,,,,,,,,,,,,,37,,,,,,,,,,,,,,,,,05 ff 78 ff d7 00 14 00 25 0a
96,129429,0x05,command,10,4292280.341,65401,4292280341,,,,,,,,,,,,,36,,,,,,,,,,,,,,,,,05 ff 79 ff d7 00 15 00 24 0a
97,130725,0x05,command,10,4292280.34,65401,4292280340,,,,,,,,,,,,,39,,,,,,,,,,,,,,,,,05 ff 79 ff d7 00 14 00 27 0a
98,130965,0x05,command,10,4292280.34,65399,4292280340,,,,,,,,,,,,,37,,,,,,,,,,,,,,,,,05 ff 77 ff d7 00 14 00 25 0a
99,131157,0x05,command,10,4292280.34,65404,4292280340,,,,,,,,,,,,,37,,,,,,,,,,,,,,,,,05 ff 7c ff d7 00 14 00 25 0a
100,131541,0x05,command,10,4292280.34,65402,4292280340,,,,,,,,,,,,,37,,,,,,,,,,,,,,,,,05 ff 7a ff d7 00 14 00 25 0a
101,132933,0x05,command,10,4292345.876,65400,4292345876,,,,,,,,,,,,,37,,,,,,,,,,,,,,,,,05 ff 78 ff d8 00 14 00 25 0a
102,133701,0x05,command,10,4292280.34,65401,4292280340,,,,,,,,,,,,,37,,,,,,,,,,,,,,,,,05 ff 79 ff d7 00 14 00 25 0a
103,133941,0x05,command,10,4292345.876,65401,4292345876,,,,,,,,,,,,,37,,,,,,,,,,,,,,,,,05 ff 79 ff d8 00 14 00 25 0a
104,134181,0x05,command,10,4292345.876,65400,4292345876,,,,,,,,,,,,,37,,,,,,,,,,,,,,,,,05 ff 78 ff d8 00 14 00 25 0a
105,134325,0x05,command,10,4292280.34,65399,4292280340,,,,,,,,,,,,,37,,,,,,,,,,,,,,,,,05 ff 77 ff d7 00 14 00 25 0a
106,135045,0x05,command,10,4294049.785,65403,4294049785,,,,,,,,,,,,,28,,,,,,,,,,,,,,,,,05 ff 7b ff f1 ff f9 00 1c 0a
107,135189,0x05,command,10,4292345.875,65403,4292345875,,,,,,,,,,,,,37,,,,,,,,,,,,,,,,,05 ff 7b ff d8 00 13 00 25 0a
108,135237,0x05,command,10,4292345.876,65401,4292345876,,,,,,,,,,,,,36,,,,,,,,,,,,,,,,,05 ff 79 ff d8 00 14 00 24 0a
109,135429,0x05,command,10,4292345.876,65401,4292345876,,,,,,,,,,,,,37,,,,,,,,,,,,,,,,,05 ff 79 ff d8 00 14 00 25 0a
110,135477,0x05,command,10,4292280.34,65399,4292280340,,,,,,,,,,,,,37,,,,,,,,,,,,,,,,,05 ff 77 ff d7 00 14 00 25 0a
111,135633,0x01,sensors,23,3.66,32930,3660,176.79144,233.30816,52.18652,1361.99,1971.2,0.77,,,,,,,,,,,,,,,,,,,,,,,,01 80 a2 00 00 0e 4c 43 70 ca 59 00 00 13 e8 57 4c 01 6e 00 00 0b 0a
112,136101,0x05,command,10,4292280.341,65400,4292280341,,,,,,,,,,,,,37,,,,,,,,,,,,,,,,,05 ff 78 ff d7 00 15 00 25 0a
113,136149,0x05,command,10,4292280.341,65400,4292280341,,,,,,,,,,,,,37,,,,,,,,,,,,,,,,,05 ff 78 ff d7 00 15 00 25 0a
114,136533,0x05,command,10,4292345.877,65401,4292345877,,,,,,,,,,,,,37,,,,,,,,,,,,,,,,,05 ff 79 ff d8 00 15 00 25 0a
115,136677,0x05,command,10,4292280.341,65400,4292280341,,,,,,,,,,,,,37,,,,,,,,,,,,,,,,,05 ff 78 ff d7 00 15 00 25 0a
116,136773,0x05,command,10,4292280.341,65403,4292280341,,,,,,,,,,,,,37,,,,,,,,,,,,,,,,,05 ff 7b ff d7 00 15 00 25 0a
117,136917,0x05,command,10,4292345.874,65404,4292345874,,,,,,,,,,,,,40,,,,,,,,,,,,,,,,,05 ff 7c ff d8 00 12 00 28 0a
118,137781,0x05,command,10,4292345.876,65401,4292345876,,,,,,,,,,,,,36,,,,,,,,,,,,,,,,,05 ff 79 ff d8 00 14 00 24 0a
119,138405,0x05,command,10,4292280.34,65403,4292280340,,,,,,,,,,,,,37,,,,,,,,,,,,,,,,,05 ff 7b ff d7 00 14 00 25 0a
120,138549,0x05,command,10,4292214.804,65403,4292214804,,,,,,,,,,,,,37,,,,,,,,,,,,,,,,,05 ff 7b ff d6 00 14 00 25 0a
121,138597,0x05,command,10,4292280.34,65399,4292280340,,,,,,,,,,,,,37,,,,,,,,,,,,,,,,,05 ff 77 ff d7 00 14 00 25 0a
122,139173,0x05,command,10,4292280.34,65403,4292280340,,,,,,,,,,,,,37,,,,,,,,,,,,,,,,,05 ff 7b ff d7 00 14 00 25 0a
123,139269,0x05,command,10,4292345.879,65400,4292345879,,,,,,,,,,,,,35,,,,,,,,,,,,,,,,,05 ff 78 ff d8 00 17 00 23 0a
124,139797,0x05,command,10,4294705.152,65401,4294705152,,,,,,,,,,,,,65535,,,,,,,,,,,,,,,,,05 ff 79 ff fc 00 00 ff ff 0a
125,139893,0x05,command,10,4293066.754,65401,4293066754,,,,,,,,,,,,,41,,,,,,,,,,,,,,,,,05 ff 79 ff e3 00 02 00 29 0a
126,139989,0x05,command,10,4292345.876,65399,4292345876,,,,,,,,,,,,,36,,,,,,,,,,,,,,,,,05 ff 77 ff d8 00 14 00 24 0a
127,140037,0x05,command,10,4292345.876,65402,4292345876,,,,,,,,,,,,,37,,,,,,,,,,,,,,,,,05 ff 7a ff d8 00 14 00 25 0a
128,140613,0x05,command,10,4292214.804,65401,4292214804,,,,,,,,,,,,,37,,,,,,,,,,,,,,,,,05 ff 79 ff d6 00 14 00 25 0a
129,140805,0x05,command,10,4292280.34,65401,4292280340,,,,,,,,,,,,,37,,,,,,,,,,,,,,,,,05 ff 79 ff d7 00 14 00 25 0a
130,141141,0x05,command,10,4292280.339,65403,4292280339,,,,,,,,,,,,,37,,,,,,,,,,,,,,,,,05 ff 7b ff d7 00 13 00 25 0a
131,141285,0x05,command,10,4292280.341,65401,4292280341,,,,,,,,,,,,,38,,,,,,,,,,,,,,,,,05 ff 79 ff d7 00 15 00 26 0a
132,141381,0x05,command,10,4292280.34,65399,4292280340,,,,,,,,,,,,,37,,,,,,,,,,,,,,,,,05 ff 77 ff d7 00 14 00 25 0a
133,141429,0x05,command,10,4292280.34,65400,4292280340,,,,,,,,,,,,,37,,,,,,,,,,,,,,,,,05 ff 78 ff d7 00 14 00 25 0a
134,142245,0x05,command,10,4294180.855,65401,4294180855,,,,,,,,,,,,,25,,,,,,,,,,,,,,,,,05 ff 79 ff f3 ff f7 00 19 0a
135,142341,0x05,command,10,4292345.875,65399,4292345875,,,,,,,,,,,,,37,,,,,,,,,,,,,,,,,05 ff 77 ff d8 00 13 00 25 0a
136,142533,0x05,command,10,4292345.877,65401,4292345877,,,,,,,,,,,,,37,,,,,,,,,,,,,,,,,05 ff 79 ff d8 00 15 00 25 0a
137,142725,0x05,command,10,4292280.339,65401,4292280339,,,,,,,,,,,,,37,,,,,,,,,,,,,,,,,05 ff 79 ff d7 00 13 00 25 0a
138,142821,0x05,command,10,4292280.34,65402,4292280340,,,,,,,,,,,,,36,,,,,,,,,,,,,,,,,05 ff 7a ff d7 00 14 00 24 0a
139,142869,0x05,command,10,4292280.34,65402,4292280340,,,,,,,,,,,,,37,,,,,,,,,,,,,,,,,05 ff 7a ff d7 00 14 00 25 0a
140,143445,0x05,command,10,4292345.877,65403,4292345877,,,,,,,,,,,,,37,,,,,,,,,,,,,,,,,05 ff 7b ff d8 00 15 00 25 0a
141,143541,0x05,command,10,4292280.34,65402,4292280340,,,,,,,,,,,,,37,,,,,,,,,,,,,,,,,05 ff 7a ff d7 00 14 00 25 0a
142,143733,0x05,command,10,4292345.877,65402,4292345877,,,,,,,,,,,,,37,,,,,,,,,,,,,,,,,05 ff 7a ff d8 00 15 00 25 0a
143,143877,0x05,command,10,4292280.34,65402,4292280340,,,,,,,,,,,,,37,,,,,,,,,,,,,,,,,05 ff 7a ff d7 00 14 00 25 0a
144,144261,0x05,command,10,4292280.341,65401,4292280341,,,,,,,,,,,,,38,,,,,,,,,,,,,,,,,05 ff 79 ff d7 00 15 00 26 0a
145,144693,0x05,command,10,4293197.825,65399,4293197825,,,,,,,,,,,,,40,,,,,,,,,,,,,,,,,05 ff 77 ff e5 00 01 00 28 0a
146,144789,0x05,command,10,4292280.339,65405,4292280339,,,,,,,,,,,,,37,,,,,,,,,,,,,,,,,05 ff 7d ff d7 00 13 00 25 0a
147,145077,0x05,command,10,4292345.878,65401,4292345878,,,,,,,,,,,,,37,,,,,,,,,,,,,,,,,05 ff 79 ff d8 00 16 00 25 0a
148,145797,0x05,command,10,4292476.948,65399,4292476948,,,,,,,,,,,,,37,,,,,,,,,,,,,,,,,05 ff 77 ff da 00 14 00 25 0a
149,145893,0x05,command,10,4292345.876,65402,4292345876,,,,,,,,,,,,,36,,,,,,,,,,,,,,,,,05 ff 7a ff d8 00 14 00 24 0a
150,146085,0x05,command,10,4292149.267,65400,4292149267,,,,,,,,,,,,,37,,,,,,,,,,,,,,,,,05 ff 78 ff d5 00 13 00 25 0a
151,146181,0x05,command,10,4292280.341,65404,4292280341,,,,,,,,,,,,,37,,,,,,,,,,,,,,,,,05 ff 7c ff d7 00 15 00 25 0a
152,146565,0x05,command,10,4292214.804,65398,4292214804,,,,,,,,,,,,,38,,,,,,,,,,,,,,,,,05 ff 76 ff d6 00 14 00 26 0a
153,146661,0x05,command,10,4292345.876,65401,4292345876,,,,,,,,,,,,,37,,,,,,,,,,,,,,,,,05 ff 79 ff d8 00 14 00 25 0a
154,146709,0x05,command,10,4292345.877,65399,4292345877,,,,,,,,,,,,,37,,,,,,,,,,,,,,,,,05 ff 77 ff d8 00 15 00 25 0a
155,146757,0x05,command,10,4292345.877,65399,4292345877,,,,,,,,,,,,,37,,,,,,,,,,,,,,,,,05 ff 77 ff d8 00 15 00 25 0a
156,146805,0x05,command,10,4292345.877,65399,4292345877,,,,,,,,,,,,,37,,,,,,,,,,,,,,,,,05 ff 77 ff d8 00 15 00 25 0a
157,146853,0x05,command,10,4292345.877,65399,4292345877,,,,,,,,,,,,,37,,,,,,,,,,,,,,,,,05 ff 77 ff d8 00 15 00 25 0a
158,146901,0x05,command,10,4292345.877,65399,4292345877,,,,,,,,,,,,,37,,,,,,,,,,,,,,,,,05 ff 77 ff d8 00 15 00 25 0a
159,146949,0x05,command,10,4292345.877,65399,4292345877,,,,,,,,,,,,,37,,,,,,,,,,,,,,,,,05 ff 77 ff d8 00 15 00 25 0a
160,147141,0x05,command,10,4292411.411,65400,4292411411,,,,,,,,,,,,,37,,,,,,,,,,,,,,,,,05 ff 78 ff d9 00 13 00 25 0a
161,147765,0x05,command,10,4292280.34,65399,4292280340,,,,,,,,,,,,,38,,,,,,,,,,,,,,,,,05 ff 77 ff d7 00 14 00 26 0a
162,147921,0x01,sensors,23,3.697,32932,3697,176.78972,39.3216,52.14556,1361.99,1989.12,0.84,,,,,,,,,,,,,,,,,,,,,,,,01 80 a4 00 00 0e 71 43 70 9f 0f 00 00 13 e4 57 4c 01 6f 00 00 0c 0a
163,148005,0x05,command,10,4292280.341,65400,4292280341,,,,,,,,,,,,,37,,,,,,,,,,,,,,,,,05 ff 78 ff d7 00 15 00 25 0a
164,148197,0x05,command,10,4292280.341,65402,4292280341,,,,,,,,,,,,,37,,,,,,,,,,,,,,,,,05 ff 7a ff d7 00 15 00 25 0a
165,148533,0x05,command,10,4292280.34,65398,4292280340,,,,,,,,,,,,,37,,,,,,,,,,,,,,,,,05 ff 76 ff d7 00 14 00 25 0a
166,148629,0x05,command,10,4292345.877,65398,4292345877,,,,,,,,,,,,,37,,,,,,,,,,,,,,,,,05 ff 76 ff d8 00 15 00 25 0a
167,148869,0x05,command,10,4292149.273,65404,4292149273,,,,,,,,,,,,,34,,,,,,,,,,,,,,,,,05 ff 7c ff d5 00 19 00 22 0a
168,149013,0x05,command,10,4292214.807,65401,4292214807,,,,,,,,,,,,,35,,,,,,,,,,,,,,,,,05 ff 79 ff d6 00 17 00 23 0a
169,149061,0x05,command,10,4292214.804,65402,4292214804,,,,,,,,,,,,,37,,,,,,,,,,,,,,,,,05 ff 7a ff d6 00 14 00 25 0a
170,149733,0x05,command,10,4292345.876,65400,4292345876,,,,,,,,,,,,,37,,,,,,,,,,,,,,,,,05 ff 78 ff d8 00 14 00 25 0a
171,150117,0x05,command,10,4292345.876,65400,4292345876,,,,,,,,,,,,,37,,,,,,,,,,,,,,,,,05 ff 78 ff d8 00 14 00 25 0a
172,150405,0x05,command,10,4292280.34,65399,4292280340,,,,,,,,,,,,,37,,,,,,,,,,,,,,,,,05 ff 77 ff d7 00 14 00 25 0a
173,150597,0x05,command,10,4292280.34,65403,4292280340,,,,,,,,,,,,,37,,,,,,,,,,,,,,,,,05 ff 7b ff d7 00 14 00 25 0a
174,150789,0x05,command,10,4292280.34,65404,4292280340,,,,,,,,,,,,,38,,,,,,,,,,,,,,,,,05 ff 7c ff d7 00 14 00 26 0a
175,150885,0x05,command,10,4292280.34,65405,4292280340,,,,,,,,,,,,,36,,,,,,,,,,,,,,,,,05 ff 7d ff d7 00 14 00 24 0a
176,151029,0x05,command,10,4292280.34,65399,4292280340,,,,,,,,,,,,,37,,,,,,,,,,,,,,,,,05 ff 77 ff d7 00 14 00 25 0a
177,151125,0x05,command,10,4292280.339,65400,4292280339,,,,,,,,,,,,,38,,,,,,,,,,,,,,,,,05 ff 78 ff d7 00 13 00 26 0a
178,151317,0x05,command,10,4292280.338,65400,4292280338,,,,,,,,,,,,,40,,,,,,,,,,,,,,,,,05 ff 78 ff d7 00 12 00 28 0a
179,151797,0x05,command,10,4294770.689,65400,4294770689,,,,,,,,,,,,,65534,,,,,,,,,,,,,,,,,05 ff 78 ff fd 00 01 ff fe 0a
180,151941,0x05,command,10,4292280.339,65399,4292280339,,,,,,,,,,,,,37,,,,,,,,,,,,,,,,,05 ff 77 ff d7 00 13 00 25 0a
181,152373,0x05,command,10,4292280.341,65403,4292280341,,,,,,,,,,,,,36,,,,,,,,,,,,,,,,,05 ff 7b ff d7 00 15 00 24 0a
182,152421,0x05,command,10,4292280.34,65402,4292280340,,,,,,,,,,,,,37,,,,,,,,,,,,,,,,,05 ff 7a ff d7 00 14 00 25 0a
183,152469,0x05,command,10,4292280.339,65400,4292280339,,,,,,,,,,,,,37,,,,,,,,,,,,,,,,,05 ff 78 ff d7 00 13 00 25 0a
184,152517,0x05,command,10,4292280.341,65400,4292280341,,,,,,,,,,,,,36,,,,,,,,,,,,,,,,,05 ff 78 ff d7 00 15 00 24 0a
185,153189,0x05,command,10,4292280.341,65403,4292280341,,,,,,,,,,,,,37,,,,,,,,,,,,,,,,,05 ff 7b ff d7 00 15 00 25 0a
186,153765,0x05,command,10,4292280.341,65400,4292280341,,,,,,,,,,,,,39,,,,,,,,,,,,,,,,,05 ff 78 ff d7 00 15 00 27 0a
187,155253,0x05,command,10,4292083.729,65401,4292083729,,,,,,,,,,,,,37,,,,,,,,,,,,,,,,,05 ff 79 ff d4 00 11 00 25 0a
188,155301,0x05,command,10,4292280.34,65400,4292280340,,,,,,,,,,,,,37,,,,,,,,,,,,,,,,,05 ff 78 ff d7 00 14 00 25 0a
189,156261,0x05,command,10,4292214.802,65403,4292214802,,,,,,,,,,,,,37,,,,,,,,,,,,,,,,,05 ff 7b ff d6 00 12 00 25 0a
190,156305,0xE1,iris_debug,14,65.403,5,65403,,,,,,,,,1.8,0.0,3.8,55.04,,-1,,,,,,,,,,,,,,,,e1 00 05 00 00 ff 7b ff d7 00 12 00 26 0a
191,156353,0xE1,iris_debug,14,65.403,5,65403,,,,,,,,,1.8,0.0,3.8,55.04,,-1,,,,,,,,,,,,,,,,e1 00 05 00 00 ff 7b ff d7 00 12 00 26 0a
192,156401,0xE1,iris_debug,14,65.403,5,65403,,,,,,,,,1.8,0.0,3.8,55.04,,-1,,,,,,,,,,,,,,,,e1 00 05 00 00 ff 7b ff d7 00 12 00 26 0a
193,156449,0xE1,iris_debug,14,65.403,5,65403,,,,,,,,,1.8,0.0,3.8,55.04,,-1,,,,,,,,,,,,,,,,e1 00 05 00 00 ff 7b ff d7 00 12 00 26 0a
194,156497,0xE1,iris_debug,14,65.403,5,65403,,,,,,,,,1.8,0.0,3.8,55.04,,-1,,,,,,,,,,,,,,,,e1 00 05 00 00 ff 7b ff d7 00 12 00 26 0a
195,156545,0xE1,iris_debug,14,65.403,5,65403,,,,,,,,,1.8,0.0,3.8,55.04,,-1,,,,,,,,,,,,,,,,e1 00 05 00 00 ff 7b ff d7 00 12 00 26 0a
196,156837,0x05,command,10,4292280.34,65401,4292280340,,,,,,,,,,,,,37,,,,,,,,,,,,,,,,,05 ff 79 ff d7 00 14 00 25 0a
197,157941,0x05,command,10,4292345.876,65402,4292345876,,,,,,,,,,,,,37,,,,,,,,,,,,,,,,,05 ff 7a ff d8 00 14 00 25 0a
198,158181,0x05,command,10,4292214.804,65401,4292214804,,,,,,,,,,,,,37,,,,,,,,,,,,,,,,,05 ff 79 ff d6 00 14 00 25 0a
199,158373,0x05,command,10,4292214.804,65403,4292214804,,,,,,,,,,,,,37,,,,,,,,,,,,,,,,,05 ff 7b ff d6 00 14 00 25 0a
200,159381,0x05,command,10,4292280.34,65406,4292280340,,,,,,,,,,,,,36,,,,,,,,,,,,,,,,,05 ff 7e ff d7 00 14 00 24 0a
201,160149,0x05,command,10,4292280.34,65402,4292280340,,,,,,,,,,,,,38,,,,,,,,,,,,,,,,,05 ff 7a ff d7 00 14 00 26 0a
202,160209,0x01,sensors,23,3.73,32932,3730,176.78972,39.3216,52.18652,1361.99,1827.84,0.91,,,,,,,,,,,,,,,,,,,,,,,,01 80 a4 00 00 0e 92 43 70 9f 0f 00 00 13 e8 57 4c 01 66 00 00 0d 0a
203,160341,0x05,command,10,4292345.876,65404,4292345876,,,,,,,,,,,,,38,,,,,,,,,,,,,,,,,05 ff 7c ff d8 00 14 00 26 0a
204,160485,0x05,command,10,4292280.34,65400,4292280340,,,,,,,,,,,,,38,,,,,,,,,,,,,,,,,05 ff 78 ff d7 00 14 00 26 0a
205,160629,0x05,command,10,4292280.34,65400,4292280340,,,,,,,,,,,,,37,,,,,,,,,,,,,,,,,05 ff 78 ff d7 00 14 00 25 0a
206,161877,0x05,command,10,4292280.341,65399,4292280341,,,,,,,,,,,,,37,,,,,,,,,,,,,,,,,05 ff 77 ff d7 00 15 00 25 0a
207,162405,0x05,command,10,4292280.341,65400,4292280341,,,,,,,,,,,,,37,,,,,,,,,,,,,,,,,05 ff 78 ff d7 00 15 00 25 0a
208,162453,0x05,command,10,4292345.877,65403,4292345877,,,,,,,,,,,,,37,,,,,,,,,,,,,,,,,05 ff 7b ff d8 00 15 00 25 0a
209,163893,0x05,command,10,4293132.289,65400,4293132289,,,,,,,,,,,,,41,,,,,,,,,,,,,,,,,05 ff 78 ff e4 00 01 00 29 0a
210,164037,0x05,command,10,4292280.34,65404,4292280340,,,,,,,,,,,,,37,,,,,,,,,,,,,,,,,05 ff 7c ff d7 00 14 00 25 0a
211,165561,0x01,sensors,23,4293918.847,3482,4293918847,-21.41184,20.97148,-1.40292,-716.8,376.32,663.81,,,,,,,,,,,,,,,,,,,,,,,,01 0d 9a ff f0 00 7f f7 d5 00 07 ff ff ff 76 ff d8 00 15 00 25 0b 0a
212,166809,0x01,sensors,23,4293984.385,4003,4293984385,-21.44256,2.62152,-1.36196,-734.72,394.24,663.81,,,,,,,,,,,,,,,,,,,,,,,,01 0f a3 ff f1 00 81 f7 d2 00 01 00 02 ff 7a ff d7 00 16 00 25 0b 0a
213,172497,0x01,sensors,23,3.76,32935,3760,176.78708,298.84416,52.22748,1361.99,1845.76,0.98,,,,,,,,,,,,,,,,,,,,,,,,01 80 a7 00 00 0e b0 43 70 5d 72 00 00 13 ec 57 4c 01 67 00 00 0e 0a
214,173484,0xFF,heartbeat,8,2113394.432,60928,2113394432,,,,,,,,,,,,,,,,,,,,,,,,,,,,,,ff ee 00 7d f7 d7 00 0a
215,181116,0xFF,heartbeat,8,2180501.504,60672,2180501504,,,,,,,,,,,,,,,,,,,,,,,,,,,,,,ff ed 00 81 f7 d0 00 0a
216,184785,0x01,sensors,23,3.786,32935,3786,176.78708,298.84416,52.26844,1361.99,1971.2,1.05,,,,,,,,,,,,,,,,,,,,,,,,01 80 a7 00 00 0e ca 43 70 5d 72 00 00 13 f0 57 4c 01 6e 00 00 0f 0a
217,197073,0x01,sensors,23,3.811,32935,3811,176.78708,298.84416,52.14556,1361.99,1827.84,1.12,,,,,,,,,,,,,,,,,,,,,,,,01 80 a7 00 00 0e e3 43 70 5d 72 00 00 13 e4 57 4c 01 66 00 00 10 0a
218,203532,0xFF,heartbeat,8,2130171.648,61696,2130171648,,,,,,,,,,,,,,,,,,,,,,,,,,,,,,ff f1 00 7e f7 d7 00 0a
219,209361,0x01,sensors,23,3.831,32934,3831,176.78796,60.29312,52.22748,1361.99,1164.8,1.19,,,,,,,,,,,,,,,,,,,,,,,,01 80 a6 00 00 0e f7 43 70 73 17 00 00 13 ec 57 4c 01 41 00 00 11 0a
220,215385,0x01,sensors,23,4293918.846,24243,4293918846,-21.36064,5.24304,-1.36196,-752.64,340.48,663.88,,,,,,,,,,,,,,,,,,,,,,,,01 5e b3 ff f0 00 7e f7 da 00 02 00 04 ff 7a ff d6 00 13 00 25 0c 0a
221,215481,0x01,sensors,23,4293918.847,24282,4293918847,-21.39136,5.24304,-1.3722,-752.64,340.48,663.88,,,,,,,,,,,,,,,,,,,,,,,,01 5e da ff f0 00 7f f7 d7 00 02 00 04 ff 79 ff d6 00 13 00 25 0c 0a
222,216633,0x01,sensors,23,4293984.384,24762,4293984384,-21.44256,10.48596,-1.3722,-125.51,-197.12,377.16,,,,,,,,,,,,,,,,,,,,,,,,01 60 ba ff f1 00 80 f7 d2 00 04 00 05 ff 79 ff f8 ff f5 00 15 0c 0a
223,216825,0x01,sensors,23,4293853.312,24843,4293853312,-21.42208,5.243,-1.3722,-716.8,376.32,681.8,,,,,,,,,,,,,,,,,,,,,,,,01 61 0b ff ef 00 80 f7 d4 00 02 00 03 ff 79 ff d8 00 15 00 26 0c 0a
224,217161,0x01,sensors,23,4293984.38,24982,4293984380,-21.41184,15.72868,-1.39268,-752.64,358.4,663.88,,,,,,,,,,,,,,,,,,,,,,,,01 61 96 ff f1 00 7c f7 d5 00 06 00 01 ff 77 ff d6 00 14 00 25 0c 0a
225,217257,0x01,sensors,23,4293853.309,25022,4293853309,-21.41184,13.10736,-1.35172,-734.72,358.4,663.88,,,,,,,,,,,,,,,,,,,,,,,,01 61 be ff ef 00 7d f7 d5 00 05 00 04 ff 7b ff d7 00 14 00 25 0c 0a
226,217401,0x01,sensors,23,4293787.771,25082,4293787771,-21.3504,13.10732,-1.36196,-716.8,376.32,663.88,,,,,,,,,,,,,,,,,,,,,,,,01 61 fa ff ee 00 7b f7 db 00 05 00 03 ff 7a ff d8 00 15 00 25 0c 0a
227,217689,0x01,sensors,23,4293853.31,25203,4293853310,-21.39136,5.24288,-1.3722,-734.72,376.32,663.88,,,,,,,,,,,,,,,,,,,,,,,,01 62 73 ff ef 00 7e f7 d7 00 02 00 00 ff 79 ff d7 00 15 00 25 0c 0a
228,217977,0x01,sensors,23,4293787.775,25322,4293787775,-21.42208,5.24292,-1.35172,-734.72,358.4,663.88,,,,,,,,,,,,,,,,,,,,,,,,01 62 ea ff ee 00 7f f7 d4 00 02 00 01 ff 7b ff d7 00 14 00 25 0c 0a
229,221649,0x01,sensors,23,3.814,32927,3814,176.79404,-26.2144,52.39132,1361.99,1827.84,1.26,,,,,,,,,,,,,,,,,,,,,,,,01 80 9f 00 00 0e e6 43 71 0b f6 00 00 13 fc 57 4c 01 66 00 00 12 0a
230,222060,0xFF,heartbeat,8,2096616.96,60928,2096616960,,,,,,,,,,,,,,,,,,,,,,,,,,,,,,ff ee 00 7c f7 d6 00 0a
231,222645,0x03,camera,19,4292149.269,37,203948033,,,,,,,65403,4292149269,12.8,16.7,0.0,0.015,,,,,,,,,,,,,,,,,,03 ff 7b ff d5 00 15 00 25 0c 28 00 01 80 a7 00 00 0f 0a
232,233877,0x03,camera,19,4292280.34,37,207421441,,,,,,,65403,4292280340,12.8,15.7,0.0,0.015,,,,,,,,,,,,,,,,,,03 ff 7b ff d7 00 14 00 25 0c 5d 00 01 80 9d 00 00 0f 0a
233,233937,0x01,sensors,23,3.852,32927,3852,176.79404,-26.2144,52.26844,1361.99,1845.76,1.33,,,,,,,,,,,,,,,,,,,,,,,,01 80 9f 00 00 0f 0c 43 71 0b f6 00 00 13 f0 57 4c 01 67 00 00 13 0a
234,244716,0xFF,heartbeat,8,2146948.352,61696,2146948352,,,,,,,,,,,,,,,,,,,,,,,,,,,,,,ff f1 00 7f f7 d5 00 0a
235,246225,0x01,sensors,23,3.881,32934,3881,176.78796,60.29312,52.26844,1361.99,1971.2,1.4,,,,,,,,,,,,,,,,,,,,,,,,01 80 a6 00 00 0f 29 43 70 73 17 00 00 13 f0 57 4c 01 6e 00 00 14 0a
236,258513,0x01,sensors,23,3.904,32933,3904,176.7888,-178.25792,52.26844,1361.99,1989.12,1.47,,,,,,,,,,,,,,,,,,,,,,,,01 80 a5 00 00 0f 40 43 70 88 bc 00 00 13 f0 57 4c 01 6f 00 00 15 0a
237,270801,0x01,sensors,23,3.925,32929,3925,176.79228,-5.24288,52.26844,1361.99,1971.2,1.54,,,,,,,,,,,,,,,,,,,,,,,,01 80 a1 00 00 0f 55 43 70 df fe 00 00 13 f0 57 4c 01 6e 00 00 16 0a
